{
    "test flag": false,
    "run time": 0.03873705863952637,
    "false list": "['output_diff_tooBig']",
    "train time": 0.15835356712341309,
    "loss diff": 0.0010256767272949219,
    "output diff": 0.248759925365448,
    "grad diff": 0.0011471956968307495
}