{
    "run result": true,
    "run time": 0.016065359115600586,
    "train time": 0.05419635772705078,
    "loss": 2.568030595779419,
    "target lib": "pytorch_gpu"
}