{
    "run result": true,
    "run time": 0.0318608283996582,
    "train time": 1.1584255695343018,
    "loss": 26883842048.0,
    "target lib": "pytorch_gpu"
}