{
    "run result": true,
    "run time": 0.02608180046081543,
    "train time": 1.3669519424438477,
    "loss": 24824.34375,
    "target lib": "paddle_gpu"
}